out_edges,fol_std,rel_mean,rel_max,last_release,fol_max,first_release,num_release,network_rank,career_length,fol_mean,pop_std,rel_std,pop_mean,pop_max,in_edges
9.875,241937.24348412847,69.22802318295739,311.125,-9.220780036854776e+18,668379.0,-9.223372036854776e+18,42.0,27.00247469933619,-9.223372036854776e+18,182504.4190711153,103.78076548991994,106.95242932392267,55.640716374269005,80.125,103.875
66.875,241896.24348412847,116.22802318295739,270.125,-9.220780036854776e+18,668409.0,-9.223372036854776e+18,100.0,76.00247469933619,-9.223372036854776e+18,182527.4190711153,28.78076548991995,143.95242932392267,71.640716374269,79.125,99.875
