out_edges,fol_std,rel_mean,rel_max,last_release,fol_max,first_release,num_release,network_rank,career_length,fol_mean,pop_std,rel_std,pop_mean,pop_max,in_edges
440.0,447021.45870242873,89.80367512104228,927.0000000000001,1.5875568e+18,5502761.375000002,-6.095411999999987e+17,267.5625,57.10419382805586,2.1945060000000013e+18,95720.60963383639,43.16710893026658,129.27273253211814,71.71574571926675,84.31250000000003,453.0
474.0,447020.45870242873,90.80367512104228,910.0000000000001,1.5875568e+18,5502741.375000002,-6.095411999999988e+17,284.5625,5.104193828055864,2.1945060000000013e+18,95754.60963383639,95.16710893026658,120.27273253211814,83.71574571926675,90.31250000000003,512.0
