out_edges,fol_std,rel_mean,rel_max,last_release,fol_max,first_release,num_release,network_rank,career_length,fol_mean,pop_std,rel_std,pop_mean,pop_max,in_edges
88.90625,72583.77209960387,12.748437500000001,76.375,-9.220780036854776e+18,417916.00000000006,-9.223372036854776e+18,83.0,84.00000015960558,-9.223372036854776e+18,337051.9411458333,47.82753021030832,60.42564135745374,62.47083333333334,80.59375,34.90625
59.90625,72550.77209960387,51.7484375,18.375,-9.220780036854776e+18,417989.00000000006,-9.223372036854776e+18,97.0,30.000000159605573,-9.223372036854776e+18,337070.9411458333,33.82753021030832,6.425641357453743,62.47083333333334,88.59375,52.90625
