out_edges,fol_std,rel_mean,rel_max,last_release,fol_max,first_release,num_release,network_rank,career_length,fol_mean,pop_std,rel_std,pop_mean,pop_max,in_edges
52.46153846153846,8604.624257282261,38.925213675213676,41.56410256410257,-9.220780036854776e+18,104039.43589743589,-9.223372036854776e+18,91.0,76.00000311197708,-9.223372036854776e+18,92958.2606837607,83.85268545001328,8.422949063528485,62.630341880341874,57.564102564102576,71.46153846153847
30.46153846153846,8566.624257282261,27.92521367521368,25.56410256410257,-9.220780036854776e+18,104053.43589743589,-9.223372036854776e+18,40.0,40.00000311197707,-9.223372036854776e+18,93030.2606837607,90.85268545001328,18.422949063528485,86.63034188034187,88.56410256410257,46.46153846153846
