out_edges,fol_std,rel_mean,rel_max,last_release,fol_max,first_release,num_release,network_rank,career_length,fol_mean,pop_std,rel_std,pop_mean,pop_max,in_edges
74.0,1723524.9884896937,51.6,150.25,-9.220780036854776e+18,4011749.0,-9.223372036854776e+18,77.0,82.00000018176208,-9.223372036854776e+18,1625018.2999999998,64.88755615317163,81.48592782608767,63.737500000000004,87.25,52.0
17.0,1723559.9884896937,51.6,88.25,-9.220780036854776e+18,4011737.0,-9.223372036854776e+18,29.0,58.00000018176208,-9.223372036854776e+18,1625043.2999999998,85.88755615317163,49.48592782608768,67.73750000000001,91.25,67.0
