out_edges,fol_std,rel_mean,rel_max,last_release,fol_max,first_release,num_release,network_rank,career_length,fol_mean,pop_std,rel_std,pop_mean,pop_max,in_edges
43.0,391948.5,242.5,389.0,-9.220780036854776e+18,783773.0,-9.223372036854776e+18,75.0,57.00106683163794,-9.223372036854776e+18,391931.5,116.5,251.5,59.5,79.0,49.0
89.0,391911.5,208.5,420.0,-9.220780036854776e+18,783754.0,-9.223372036854776e+18,10.0,69.00106683163794,-9.223372036854776e+18,391930.5,125.5,219.5,70.5,86.0,88.0
