out_edges,fol_std,rel_mean,rel_max,last_release,fol_max,first_release,num_release,network_rank,career_length,fol_mean,pop_std,rel_std,pop_mean,pop_max,in_edges
256.4090909090909,550263.2564132204,120.54533677995542,948.7272727272727,1.5608945454545436e+18,4665038.272727274,-2.940663272727251e+17,96.95454545454545,60.063332831239826,1.852368872727274e+18,148759.7251711392,110.62775664818273,124.46068139435006,50.065410043210946,82.22727272727275,288.4090909090909
243.4090909090909,550182.2564132204,153.54533677995542,932.7272727272727,1.5608945454545436e+18,4665111.272727274,-2.9406632727272506e+17,103.95454545454545,60.063332831239826,1.852368872727274e+18,148711.7251711392,29.627756648182732,156.46068139435005,85.06541004321095,91.22727272727275,216.4090909090909
