out_edges,fol_std,rel_mean,rel_max,last_release,fol_max,first_release,num_release,network_rank,career_length,fol_mean,pop_std,rel_std,pop_mean,pop_max,in_edges
544.0,430833.62136351597,65.09304582421882,877.0,1.5978383999999997e+18,5564508.250000001,-1.2070727999999995e+18,441.74999999999994,58.1227106449102,2.802319200000001e+18,92543.43851114638,70.1668283160086,178.54380239230755,72.27243095499118,84.75,561.0
553.0,430805.62136351597,124.09304582421882,899.0,1.5978383999999997e+18,5564532.250000001,-1.2070727999999995e+18,376.74999999999994,84.1227106449102,2.802319200000001e+18,92555.43851114638,84.1668283160086,165.54380239230755,82.27243095499118,96.75,563.0
