out_edges,fol_std,rel_mean,rel_max,last_release,fol_max,first_release,num_release,network_rank,career_length,fol_mean,pop_std,rel_std,pop_mean,pop_max,in_edges
94.14285714285714,8672483.807400137,23.34729021500638,138.46428571428572,1.5408020571428547e+18,29385352.0,1.2869064000000013e+18,102.71428571428572,88.00000041181234,2.5130365714285606e+17,5457513.876689512,51.24145176080589,86.44819148762217,84.75489873534987,93.07142857142854,73.14285714285714
29.142857142857142,8672496.807400137,42.34729021500638,112.46428571428571,1.5408020571428547e+18,29385344.0,1.2869064000000013e+18,68.71428571428572,15.000000411812332,2.5130365714285613e+17,5457440.876689512,94.24145176080589,31.44819148762217,68.75489873534987,99.07142857142854,54.14285714285714
