out_edges,fol_std,rel_mean,rel_max,last_release,fol_max,first_release,num_release,network_rank,career_length,fol_mean,pop_std,rel_std,pop_mean,pop_max,in_edges
23.033333333333335,4792000.59318597,98.91323188612404,150.43333333333334,1.5412723199999987e+18,14617417.200000003,1.4207126400000026e+18,92.16666666666667,59.0000003128411,1.1796768000000131e+17,4134420.9053199827,110.3383540318099,43.53146048305439,88.18980086906559,90.4666666666667,40.03333333333333
38.03333333333333,4792002.59318597,116.91323188612404,129.43333333333334,1.5412723199999987e+18,14617459.200000003,1.4207126400000026e+18,90.16666666666667,37.0000003128411,1.1796768000000136e+17,4134449.9053199827,98.3383540318099,37.53146048305439,89.18980086906559,92.4666666666667,81.03333333333333
