out_edges,fol_std,rel_mean,rel_max,last_release,fol_max,first_release,num_release,network_rank,career_length,fol_mean,pop_std,rel_std,pop_mean,pop_max,in_edges
55.60606060606061,5600805.895909056,29.741257195575965,192.99999999999997,1.5567918545454523e+18,20229187.575757578,1.1037861818181818e+18,93.51515151515152,41.000001103252956,4.5041367272727136e+17,2842189.8469676957,45.53118898213241,91.76262725212625,83.3110410956813,91.36363636363632,63.60606060606061
63.60606060606061,5600780.895909056,99.74125719557597,153.99999999999997,1.5567918545454523e+18,20229263.575757578,1.1037861818181818e+18,96.51515151515152,95.00000110325296,4.5041367272727136e+17,2842234.8469676957,22.531188982132413,100.76262725212625,64.3110410956813,94.36363636363632,68.60606060606061
