out_edges,fol_std,rel_mean,rel_max,last_release,fol_max,first_release,num_release,network_rank,career_length,fol_mean,pop_std,rel_std,pop_mean,pop_max,in_edges
28.727272727272727,1326718.3024146229,159.253764013764,807.9999999999999,-9.220780036854776e+18,3947297.181818181,-9.223372036854776e+18,71.0,22.003468271743888,-9.223372036854776e+18,665383.6873437674,60.42556641331609,293.97404017913533,69.83583527583528,83.90909090909092,62.72727272727273
84.72727272727273,1326697.3024146229,204.253764013764,793.9999999999999,-9.220780036854776e+18,3947275.181818181,-9.223372036854776e+18,83.0,50.00346827174389,-9.223372036854776e+18,665434.6873437674,111.42556641331609,349.97404017913533,58.83583527583528,98.90909090909092,40.72727272727273
