out_edges,fol_std,rel_mean,rel_max,last_release,fol_max,first_release,num_release,network_rank,career_length,fol_mean,pop_std,rel_std,pop_mean,pop_max,in_edges
87.03333333333333,316967.6677633889,84.8477906162465,81.19999999999999,1.543176000000003e+18,869939.6333333333,4.3075871999999885e+17,144.43333333333334,3.000059198143298,1.1098252800000004e+18,278941.9957271242,107.42829636472996,100.01023487729309,68.42651493930906,68.6,63.03333333333333
105.03333333333333,317010.6677633889,99.8477906162465,84.19999999999999,1.543176000000003e+18,869945.6333333333,4.307587199999988e+17,91.43333333333334,34.0000591981433,1.1098252800000004e+18,278938.9957271242,69.42829636472996,41.01023487729309,68.42651493930906,90.6,20.033333333333335
