out_edges,fol_std,rel_mean,rel_max,last_release,fol_max,first_release,num_release,network_rank,career_length,fol_mean,pop_std,rel_std,pop_mean,pop_max,in_edges
81.0,1243848.1887547441,64.10663650075415,174.64705882352942,1.567057129411767e+18,3822075.7058823532,2.0924555294117565e+17,232.5294117647059,60.000055574025644,1.3552195764705892e+18,1194536.573443223,87.05489176033485,45.002292177695594,63.69538174244056,89.47058823529413,26.0
32.0,1243804.1887547441,128.10663650075415,154.64705882352942,1.567057129411767e+18,3822075.7058823532,2.0924555294117565e+17,177.5294117647059,61.000055574025644,1.3552195764705892e+18,1194525.573443223,75.05489176033485,125.0022921776956,88.69538174244056,77.47058823529413,16.0
