out_edges,fol_std,rel_mean,rel_max,last_release,fol_max,first_release,num_release,network_rank,career_length,fol_mean,pop_std,rel_std,pop_mean,pop_max,in_edges
544.0,430833.62136351597,65.09304582421882,877.0,1.5978383999999997e+18,5564508.250000001,-1.2070727999999995e+18,441.74999999999994,58.1227106449102,2.802319200000001e+18,92543.43851114638,70.1668283160086,178.54380239230755,72.27243095499118,84.75,561.0
568.0,430831.62136351597,106.09304582421882,921.0,1.5978383999999997e+18,5564574.250000001,-1.2070727999999995e+18,403.74999999999994,90.1227106449102,2.802319200000001e+18,92484.43851114638,35.16682831600861,119.54380239230755,81.27243095499118,90.75,617.0
