out_edges,fol_std,rel_mean,rel_max,last_release,fol_max,first_release,num_release,network_rank,career_length,fol_mean,pop_std,rel_std,pop_mean,pop_max,in_edges
31.23076923076923,37117.649017666365,80.68965201465201,39.23076923076923,-9.220780036854776e+18,101239.0,-9.223372036854776e+18,24.0,65.00013111326984,-9.223372036854776e+18,19527.0576007326,106.59597438283123,103.24257611109216,94.9474358974359,78.46153846153847,51.23076923076923
8.23076923076923,37165.649017666365,91.68965201465201,91.23076923076923,-9.220780036854776e+18,101298.0,-9.223372036854776e+18,40.0,62.00013111326984,-9.223372036854776e+18,19553.0576007326,76.59597438283123,10.242576111092166,91.9474358974359,75.46153846153847,16.23076923076923
