out_edges,fol_std,rel_mean,rel_max,last_release,fol_max,first_release,num_release,network_rank,career_length,fol_mean,pop_std,rel_std,pop_mean,pop_max,in_edges
50.10526315789474,192.18421052631578,19.263157894736842,8.31578947368421,1.5745808842105254e+18,203.8421052631579,2.3502164210526442e+17,139.21052631578948,84.0000000002046,1.3369672421052636e+18,203.6578947368421,75.3157894736842,14.052631578947368,58.421052631578945,56.73684210526316,53.10526315789474
48.10526315789474,211.18421052631578,60.26315789473684,6.315789473684211,1.5745808842105254e+18,209.8421052631579,2.350216421052644e+17,169.21052631578948,42.00000000020459,1.3369672421052636e+18,218.6578947368421,60.31578947368421,30.05263157894737,37.421052631578945,75.73684210526316,62.10526315789474
