out_edges,fol_std,rel_mean,rel_max,last_release,fol_max,first_release,num_release,network_rank,career_length,fol_mean,pop_std,rel_std,pop_mean,pop_max,in_edges
29.36842105263158,571.6179350016229,17.035087719298247,44.31578947368421,-9.220780036854776e+18,4991.578947368422,-9.223372036854776e+18,100.0,70.00000140146639,-9.223372036854776e+18,4553.070175438598,19.561380901465927,33.26014784429379,45.701754385964904,46.05263157894736,56.368421052631575
96.36842105263158,576.6179350016229,72.03508771929825,3.3157894736842106,-9.220780036854776e+18,4948.578947368422,-9.223372036854776e+18,8.0,68.00000140146639,-9.223372036854776e+18,4562.070175438598,51.56138090146593,51.26014784429379,45.701754385964904,40.05263157894736,28.36842105263158
