out_edges,fol_std,rel_mean,rel_max,last_release,fol_max,first_release,num_release,network_rank,career_length,fol_mean,pop_std,rel_std,pop_mean,pop_max,in_edges
59.5,1061372.0394826226,69.27777777777777,129.16666666666666,-9.220780036854776e+18,2211961.3333333335,-9.223372036854776e+18,24.0,38.00000002277402,-9.223372036854776e+18,944026.9444444445,99.2486902221361,76.67972027792722,65.94444444444446,80.66666666666667,17.5
67.5,1061391.0394826226,18.27777777777778,137.16666666666666,-9.220780036854776e+18,2211948.3333333335,-9.223372036854776e+18,85.0,1.0000000227740184,-9.223372036854776e+18,944020.9444444445,29.248690222136105,85.67972027792722,90.94444444444446,73.66666666666667,46.5
