out_edges,fol_std,rel_mean,rel_max,last_release,fol_max,first_release,num_release,network_rank,career_length,fol_mean,pop_std,rel_std,pop_mean,pop_max,in_edges
91.02409638554217,837142.921617033,18.610742971887547,45.72289156626507,1.5434756240963855e+18,2320795.8192771086,1.469016520481922e+18,53.674698795180724,88.00000002858185,7.1867103614460024e+16,1113504.834538153,70.44550313314225,22.252157680373106,82.60454675846242,94.22891566265064,46.024096385542165
67.02409638554217,837136.921617033,11.610742971887548,61.72289156626507,1.5434756240963855e+18,2320824.8192771086,1.469016520481922e+18,51.674698795180724,96.00000002858185,7.1867103614460024e+16,1113481.834538153,40.44550313314225,9.252157680373106,88.60454675846242,93.22891566265064,84.02409638554217
