out_edges,fol_std,rel_mean,rel_max,last_release,fol_max,first_release,num_release,network_rank,career_length,fol_mean,pop_std,rel_std,pop_mean,pop_max,in_edges
98.2121212121212,73021.73334045985,21.788888888888884,32.75757575757575,-9.220780036854776e+18,198191.48484848483,-9.223372036854776e+18,39.0,20.00001418528703,-9.223372036854776e+18,69784.72861952861,18.77738215737419,41.96396276137791,49.42878787878788,94.57575757575758,89.2121212121212
48.212121212121204,73019.73334045985,78.78888888888889,72.75757575757575,-9.220780036854776e+18,198264.48484848483,-9.223372036854776e+18,99.0,16.00001418528703,-9.223372036854776e+18,69791.72861952861,98.77738215737419,45.96396276137791,62.42878787878788,88.57575757575758,75.2121212121212
