out_edges,fol_std,rel_mean,rel_max,last_release,fol_max,first_release,num_release,network_rank,career_length,fol_mean,pop_std,rel_std,pop_mean,pop_max,in_edges
99.25,138.3560021387913,91.14880952380952,16.285714285714285,-9.220780036854776e+18,262.48214285714283,-9.223372036854776e+18,9.0,3.000000248581212,-9.223372036854776e+18,191.31845238095238,69.26530397507062,6.133417937871268,45.43154761904762,87.71428571428571,28.25
27.25,207.3560021387913,19.148809523809526,44.285714285714285,-9.220780036854776e+18,234.48214285714283,-9.223372036854776e+18,22.0,95.00000024858122,-9.223372036854776e+18,200.31845238095238,18.265303975070626,64.13341793787127,59.43154761904762,11.714285714285714,28.25
