out_edges,fol_std,rel_mean,rel_max,last_release,fol_max,first_release,num_release,network_rank,career_length,fol_mean,pop_std,rel_std,pop_mean,pop_max,in_edges
88.90625,72583.77209960387,12.748437500000001,76.375,-9.220780036854776e+18,417916.00000000006,-9.223372036854776e+18,83.0,84.00000015960558,-9.223372036854776e+18,337051.9411458333,47.82753021030832,60.42564135745374,62.47083333333334,80.59375,34.90625
62.90625,72554.77209960387,41.7484375,80.375,-9.220780036854776e+18,417956.00000000006,-9.223372036854776e+18,80.0,11.000000159605573,-9.223372036854776e+18,337084.9411458333,9.827530210308314,80.42564135745374,90.47083333333333,76.59375,33.90625
