out_edges,fol_std,rel_mean,rel_max,last_release,fol_max,first_release,num_release,network_rank,career_length,fol_mean,pop_std,rel_std,pop_mean,pop_max,in_edges
91.81818181818181,3205425.6578701925,36.433905685881975,118.12727272727273,1.5401758254545472e+18,8406893.909090906,1.4033732072727263e+18,27.41818181818182,17.000000350788703,1.3421061818182144e+17,3427178.4661442493,106.18787740995472,81.24764088223849,75.20674443474837,97.89090909090909,25.818181818181817
14.818181818181817,3205454.6578701925,86.43390568588197,75.12727272727273,1.5401758254545472e+18,8406938.909090906,1.4033732072727263e+18,102.41818181818182,70.0000003507887,1.3421061818182147e+17,3427217.4661442493,39.18787740995472,27.24764088223848,99.20674443474837,87.89090909090909,87.81818181818181
