out_edges,fol_std,rel_mean,rel_max,last_release,fol_max,first_release,num_release,network_rank,career_length,fol_mean,pop_std,rel_std,pop_mean,pop_max,in_edges
52.46153846153846,8604.624257282261,38.925213675213676,41.56410256410257,-9.220780036854776e+18,104039.43589743589,-9.223372036854776e+18,91.0,76.00000311197708,-9.223372036854776e+18,92958.2606837607,83.85268545001328,8.422949063528485,62.630341880341874,57.564102564102576,71.46153846153847
23.46153846153846,8539.624257282261,21.92521367521368,36.56410256410257,-9.220780036854776e+18,104070.43589743589,-9.223372036854776e+18,48.0,41.00000311197707,-9.223372036854776e+18,93031.2606837607,61.85268545001328,76.42294906352848,70.63034188034187,63.564102564102576,34.46153846153846
