out_edges,fol_std,rel_mean,rel_max,last_release,fol_max,first_release,num_release,network_rank,career_length,fol_mean,pop_std,rel_std,pop_mean,pop_max,in_edges
28.727272727272727,1326718.3024146229,159.253764013764,807.9999999999999,-9.220780036854776e+18,3947297.181818181,-9.223372036854776e+18,71.0,22.003468271743888,-9.223372036854776e+18,665383.6873437674,60.42556641331609,293.97404017913533,69.83583527583528,83.90909090909092,62.72727272727273
98.72727272727273,1326750.3024146229,204.253764013764,868.9999999999999,-9.220780036854776e+18,3947281.181818181,-9.223372036854776e+18,21.0,32.00346827174389,-9.223372036854776e+18,665406.6873437674,60.42556641331609,357.97404017913533,84.83583527583528,82.90909090909092,66.72727272727273
