out_edges,fol_std,rel_mean,rel_max,last_release,fol_max,first_release,num_release,network_rank,career_length,fol_mean,pop_std,rel_std,pop_mean,pop_max,in_edges
55.130434782608695,2721.217391304348,80.78260869565217,92.3913043478261,-9.220780036854776e+18,36134.52173913043,-9.223372036854776e+18,79.0,96.00000987495528,-9.223372036854776e+18,33605.30434782608,32.608695652173914,96.6086956521739,89.08695652173913,51.69565217391305,9.130434782608695
46.130434782608695,2708.217391304348,23.782608695652176,43.391304347826086,-9.220780036854776e+18,36117.52173913043,-9.223372036854776e+18,33.0,41.00000987495528,-9.223372036854776e+18,33650.30434782608,38.608695652173914,98.6086956521739,88.08695652173913,96.69565217391305,50.130434782608695
