out_edges,fol_std,rel_mean,rel_max,last_release,fol_max,first_release,num_release,network_rank,career_length,fol_mean,pop_std,rel_std,pop_mean,pop_max,in_edges
799.6666666666666,414836.8103505089,47.3416449062169,849.9999999999999,1.6084224000000005e+18,8837642.0,-9.029376000000003e+17,883.6666666666667,70.1426004241043,2.508768e+18,65988.01789227176,50.766927360218084,100.05327348966361,63.162934221097935,99.0,830.6666666666666
778.6666666666666,414903.8103505089,106.3416449062169,932.9999999999999,1.6084224000000005e+18,8837668.0,-9.029376000000001e+17,857.6666666666667,38.1426004241043,2.508768e+18,66001.01789227176,63.766927360218084,70.05327348966361,80.16293422109794,98.0,821.6666666666666
