out_edges,fol_std,rel_mean,rel_max,last_release,fol_max,first_release,num_release,network_rank,career_length,fol_mean,pop_std,rel_std,pop_mean,pop_max,in_edges
28.666666666666668,851581.5586311638,78.33264790764791,97.45454545454545,-9.220780036854776e+18,2265343.696969696,-9.223372036854776e+18,14.0,78.00000011373031,-9.223372036854776e+18,1046522.1428571424,32.29564341329055,86.86185241517587,85.57633477633479,85.72727272727273,51.66666666666667
12.666666666666668,851552.5586311638,31.332647907647907,69.45454545454545,-9.220780036854776e+18,2265326.696969696,-9.223372036854776e+18,46.0,3.0000001137303083,-9.223372036854776e+18,1046487.1428571424,95.29564341329055,66.86185241517587,90.57633477633479,96.72727272727273,81.66666666666667
