out_edges,fol_std,rel_mean,rel_max,last_release,fol_max,first_release,num_release,network_rank,career_length,fol_mean,pop_std,rel_std,pop_mean,pop_max,in_edges
99.28571428571428,932384.6886971119,95.9709555114768,897.9999999999998,-9.220780036854776e+18,4169376.857142857,-9.223372036854776e+18,21.0,92.00734876528735,-9.223372036854776e+18,341801.9269871248,88.24159370266831,206.0711837277936,95.40544529270139,94.71428571428571,100.28571428571428
93.28571428571428,932411.6886971119,127.9709555114768,851.9999999999998,-9.220780036854776e+18,4169365.857142857,-9.223372036854776e+18,97.0,86.00734876528735,-9.223372036854776e+18,341771.9269871248,98.24159370266831,230.0711837277936,97.40544529270139,92.71428571428571,27.285714285714285
