out_edges,fol_std,rel_mean,rel_max,last_release,fol_max,first_release,num_release,network_rank,career_length,fol_mean,pop_std,rel_std,pop_mean,pop_max,in_edges
98.21428571428572,1344472.9064150697,168.99717864496517,540.6428571428571,1.5910436571428562e+18,5676700.357142856,-5.870633142857146e+17,481.5714285714286,63.00242339253572,2.1755149714285704e+18,923201.9752229343,110.15630967563874,146.06093006345446,95.70562011621688,82.07142857142858,92.21428571428572
129.21428571428572,1344471.9064150697,128.99717864496517,604.6428571428571,1.5910436571428562e+18,5676650.357142856,-5.870633142857146e+17,513.5714285714287,75.00242339253572,2.1755149714285704e+18,923237.9752229343,65.15630967563874,192.06093006345446,67.70562011621688,90.07142857142858,121.21428571428572
