out_edges,fol_std,rel_mean,rel_max,last_release,fol_max,first_release,num_release,network_rank,career_length,fol_mean,pop_std,rel_std,pop_mean,pop_max,in_edges
91.02409638554217,837142.921617033,18.610742971887547,45.72289156626507,1.5434756240963855e+18,2320795.8192771086,1.469016520481922e+18,53.674698795180724,88.00000002858185,7.1867103614460024e+16,1113504.834538153,70.44550313314225,22.252157680373106,82.60454675846242,94.22891566265064,46.024096385542165
16.024096385542165,837074.921617033,58.61074297188755,100.72289156626508,1.5434756240963855e+18,2320786.8192771086,1.469016520481922e+18,103.67469879518073,11.000000028581853,7.186710361446003e+16,1113453.834538153,12.445503133142251,104.2521576803731,98.60454675846242,78.22891566265064,20.024096385542165
