out_edges,fol_std,rel_mean,rel_max,last_release,fol_max,first_release,num_release,network_rank,career_length,fol_mean,pop_std,rel_std,pop_mean,pop_max,in_edges
94.14285714285714,8672483.807400137,23.34729021500638,138.46428571428572,1.5408020571428547e+18,29385352.0,1.2869064000000013e+18,102.71428571428572,88.00000041181234,2.5130365714285606e+17,5457513.876689512,51.24145176080589,86.44819148762217,84.75489873534987,93.07142857142854,73.14285714285714
71.14285714285714,8672542.807400137,56.34729021500638,83.46428571428571,1.5408020571428547e+18,29385347.0,1.2869064000000013e+18,109.71428571428572,55.00000041181233,2.513036571428561e+17,5457464.876689512,67.24145176080589,35.44819148762217,99.75489873534987,92.07142857142854,71.14285714285714
