out_edges,fol_std,rel_mean,rel_max,last_release,fol_max,first_release,num_release,network_rank,career_length,fol_mean,pop_std,rel_std,pop_mean,pop_max,in_edges
99.28571428571428,932384.6886971119,95.9709555114768,897.9999999999998,-9.220780036854776e+18,4169376.857142857,-9.223372036854776e+18,21.0,92.00734876528735,-9.223372036854776e+18,341801.9269871248,88.24159370266831,206.0711837277936,95.40544529270139,94.71428571428571,100.28571428571428
75.28571428571428,932369.6886971119,171.9709555114768,819.9999999999998,-9.220780036854776e+18,4169443.857142857,-9.223372036854776e+18,44.0,72.00734876528735,-9.223372036854776e+18,341835.9269871248,43.24159370266831,209.0711837277936,77.40544529270139,85.71428571428571,60.285714285714285
