out_edges,fol_std,rel_mean,rel_max,last_release,fol_max,first_release,num_release,network_rank,career_length,fol_mean,pop_std,rel_std,pop_mean,pop_max,in_edges
256.4090909090909,550263.2564132204,120.54533677995542,948.7272727272727,1.5608945454545436e+18,4665038.272727274,-2.940663272727251e+17,96.95454545454545,60.063332831239826,1.852368872727274e+18,148759.7251711392,110.62775664818273,124.46068139435006,50.065410043210946,82.22727272727275,288.4090909090909
293.4090909090909,550223.2564132204,121.54533677995542,927.7272727272727,1.5608945454545436e+18,4665127.272727274,-2.9406632727272506e+17,99.95454545454545,28.063332831239826,1.852368872727274e+18,148683.7251711392,83.62775664818273,136.46068139435005,73.06541004321095,98.22727272727275,220.4090909090909
