out_edges,fol_std,rel_mean,rel_max,last_release,fol_max,first_release,num_release,network_rank,career_length,fol_mean,pop_std,rel_std,pop_mean,pop_max,in_edges
28.666666666666668,851581.5586311638,78.33264790764791,97.45454545454545,-9.220780036854776e+18,2265343.696969696,-9.223372036854776e+18,14.0,78.00000011373031,-9.223372036854776e+18,1046522.1428571424,32.29564341329055,86.86185241517587,85.57633477633479,85.72727272727273,51.66666666666667
71.66666666666667,851588.5586311638,52.3326479076479,45.45454545454545,-9.220780036854776e+18,2265347.696969696,-9.223372036854776e+18,42.0,56.00000011373031,-9.223372036854776e+18,1046454.1428571424,27.29564341329055,19.86185241517587,94.57633477633479,91.72727272727273,17.666666666666668
