out_edges,fol_std,rel_mean,rel_max,last_release,fol_max,first_release,num_release,network_rank,career_length,fol_mean,pop_std,rel_std,pop_mean,pop_max,in_edges
99.25,138.3560021387913,91.14880952380952,16.285714285714285,-9.220780036854776e+18,262.48214285714283,-9.223372036854776e+18,9.0,3.000000248581212,-9.223372036854776e+18,191.31845238095238,69.26530397507062,6.133417937871268,45.43154761904762,87.71428571428571,28.25
78.25,181.3560021387913,11.148809523809524,61.285714285714285,-9.220780036854776e+18,276.48214285714283,-9.223372036854776e+18,65.0,47.00000024858121,-9.223372036854776e+18,211.31845238095238,65.26530397507062,12.133417937871268,23.43154761904762,98.71428571428571,84.25
