out_edges,fol_std,rel_mean,rel_max,last_release,fol_max,first_release,num_release,network_rank,career_length,fol_mean,pop_std,rel_std,pop_mean,pop_max,in_edges
80.125,5195927.367881633,149.55720899470896,335.375,1.5862932000000005e+18,19650413.5,8.217720000000016e+16,162.75,40.0008801620639,1.501524e+18,2377925.5020337305,75.73483558100767,115.52632120170654,91.89943783068784,97.375,30.125
19.125,5195946.367881633,99.55720899470897,309.375,1.5862932000000005e+18,19650454.5,8.217720000000013e+16,161.75,29.000880162063904,1.501524e+18,2377902.5020337305,56.73483558100768,143.52632120170654,61.89943783068784,93.375,80.125
