out_edges,fol_std,rel_mean,rel_max,last_release,fol_max,first_release,num_release,network_rank,career_length,fol_mean,pop_std,rel_std,pop_mean,pop_max,in_edges
3.818181818181818,343.388311878694,102.68181818181819,92.81818181818181,-9.220780036854776e+18,4003.6363636363635,-9.223372036854776e+18,94.0,62.00000045138691,-9.223372036854776e+18,3782.5909090909095,77.5825185633255,93.13636363636364,66.25,94.72727272727272,5.818181818181818
57.81818181818182,328.388311878694,13.681818181818182,9.818181818181817,-9.220780036854776e+18,4030.6363636363635,-9.223372036854776e+18,51.0,99.00000045138691,-9.223372036854776e+18,3695.5909090909095,20.58251856332549,31.136363636363637,30.249999999999996,22.727272727272727,50.81818181818182
