out_edges,fol_std,rel_mean,rel_max,last_release,fol_max,first_release,num_release,network_rank,career_length,fol_mean,pop_std,rel_std,pop_mean,pop_max,in_edges
91.81818181818181,3205425.6578701925,36.433905685881975,118.12727272727273,1.5401758254545472e+18,8406893.909090906,1.4033732072727263e+18,27.41818181818182,17.000000350788703,1.3421061818182144e+17,3427178.4661442493,106.18787740995472,81.24764088223849,75.20674443474837,97.89090909090909,25.818181818181817
97.81818181818181,3205398.6578701925,42.433905685881975,90.12727272727273,1.5401758254545472e+18,8406896.909090906,1.4033732072727263e+18,53.41818181818182,14.000000350788701,1.3421061818182146e+17,3427146.4661442493,104.18787740995472,70.24764088223849,76.20674443474837,99.89090909090909,22.818181818181817
