out_edges,fol_std,rel_mean,rel_max,last_release,fol_max,first_release,num_release,network_rank,career_length,fol_mean,pop_std,rel_std,pop_mean,pop_max,in_edges
799.6666666666666,414836.8103505089,47.3416449062169,849.9999999999999,1.6084224000000005e+18,8837642.0,-9.029376000000003e+17,883.6666666666667,70.1426004241043,2.508768e+18,65988.01789227176,50.766927360218084,100.05327348966361,63.162934221097935,99.0,830.6666666666666
862.6666666666666,414905.8103505089,31.3416449062169,872.9999999999999,1.6084224000000005e+18,8837657.0,-9.029376000000003e+17,861.6666666666667,4.142600424104301,2.508768e+18,65962.01789227176,17.766927360218084,73.05327348966361,76.16293422109794,92.0,794.6666666666666
