out_edges,fol_std,rel_mean,rel_max,last_release,fol_max,first_release,num_release,network_rank,career_length,fol_mean,pop_std,rel_std,pop_mean,pop_max,in_edges
87.27906976744185,1131894.4276912261,34.41336037993015,38.83720930232559,1.5533574697674404e+18,2917395.0232558134,1.384650418604652e+18,79.0,91.00000040214313,1.6611505116279267e+17,917376.5060691568,71.3807627606374,22.46171418109298,75.67431851094639,79.79069767441861,69.27906976744185
29.27906976744186,1131856.4276912261,52.41336037993015,100.83720930232559,1.5533574697674404e+18,2917428.0232558134,1.384650418604652e+18,15.000000000000002,28.000000402143133,1.6611505116279264e+17,917374.5060691568,102.3807627606374,22.46171418109298,64.67431851094639,93.79069767441861,33.27906976744186
