out_edges,fol_std,rel_mean,rel_max,last_release,fol_max,first_release,num_release,network_rank,career_length,fol_mean,pop_std,rel_std,pop_mean,pop_max,in_edges
87.27906976744185,1131894.4276912261,34.41336037993015,38.83720930232559,1.5533574697674404e+18,2917395.0232558134,1.384650418604652e+18,79.0,91.00000040214313,1.6611505116279267e+17,917376.5060691568,71.3807627606374,22.46171418109298,75.67431851094639,79.79069767441861,69.27906976744185
76.27906976744185,1131860.4276912261,72.41336037993014,45.83720930232559,1.5533574697674404e+18,2917461.0232558134,1.384650418604652e+18,18.0,39.00000040214314,1.661150511627926e+17,917338.5060691568,45.380762760637396,65.46171418109297,87.67431851094639,89.79069767441861,29.27906976744186
