out_edges,fol_std,rel_mean,rel_max,last_release,fol_max,first_release,num_release,network_rank,career_length,fol_mean,pop_std,rel_std,pop_mean,pop_max,in_edges
87.03333333333333,316967.6677633889,84.8477906162465,81.19999999999999,1.543176000000003e+18,869939.6333333333,4.3075871999999885e+17,144.43333333333334,3.000059198143298,1.1098252800000004e+18,278941.9957271242,107.42829636472996,100.01023487729309,68.42651493930906,68.6,63.03333333333333
12.033333333333335,316956.6677633889,74.8477906162465,135.2,1.543176000000003e+18,869940.6333333333,4.3075871999999885e+17,129.43333333333334,63.0000591981433,1.1098252800000004e+18,278931.9957271242,69.42829636472996,34.01023487729309,69.42651493930906,81.6,99.03333333333333
