out_edges,fol_std,rel_mean,rel_max,last_release,fol_max,first_release,num_release,network_rank,career_length,fol_mean,pop_std,rel_std,pop_mean,pop_max,in_edges
67.25,2202381.722978481,147.8233095566765,257.20000000000005,1.5762297599999974e+18,7132552.8,2.458511999999785e+16,167.69999999999996,47.00018661611335,1.5490526399999992e+18,1668490.2682784656,19.75811427964337,101.05898983313558,91.61000438750439,87.25,82.25
72.25,2202401.722978481,118.82330955667649,236.20000000000002,1.5762297599999974e+18,7132538.8,2.4585119999997884e+16,250.69999999999996,96.00018661611335,1.5490526399999992e+18,1668505.2682784656,87.75811427964337,135.05898983313557,93.61000438750439,85.25,103.25
