out_edges,fol_std,rel_mean,rel_max,last_release,fol_max,first_release,num_release,network_rank,career_length,fol_mean,pop_std,rel_std,pop_mean,pop_max,in_edges
74.0,1723524.9884896937,51.6,150.25,-9.220780036854776e+18,4011749.0,-9.223372036854776e+18,77.0,82.00000018176208,-9.223372036854776e+18,1625018.2999999998,64.88755615317163,81.48592782608767,63.737500000000004,87.25,52.0
73.0,1723503.9884896937,69.6,141.25,-9.220780036854776e+18,4011686.0,-9.223372036854776e+18,63.0,97.00000018176208,-9.223372036854776e+18,1625083.2999999998,105.88755615317163,50.48592782608768,73.73750000000001,80.25,93.0
