out_edges,fol_std,rel_mean,rel_max,last_release,fol_max,first_release,num_release,network_rank,career_length,fol_mean,pop_std,rel_std,pop_mean,pop_max,in_edges
50.10526315789474,192.18421052631578,19.263157894736842,8.31578947368421,1.5745808842105254e+18,203.8421052631579,2.3502164210526442e+17,139.21052631578948,84.0000000002046,1.3369672421052636e+18,203.6578947368421,75.3157894736842,14.052631578947368,58.421052631578945,56.73684210526316,53.10526315789474
17.105263157894736,171.18421052631578,61.26315789473684,74.3157894736842,1.5745808842105254e+18,270.8421052631579,2.3502164210526435e+17,170.21052631578948,15.000000000204588,1.3369672421052636e+18,195.6578947368421,73.3157894736842,92.05263157894737,72.42105263157895,41.73684210526316,46.10526315789474
