out_edges,fol_std,rel_mean,rel_max,last_release,fol_max,first_release,num_release,network_rank,career_length,fol_mean,pop_std,rel_std,pop_mean,pop_max,in_edges
71.9620253164557,746274.2913269129,67.10327754276005,41.936708860759495,1.55256972151899e+18,2044351.493670887,1.3641761620253135e+18,24.17721518987342,51.00000026862111,1.858015594936744e+17,671528.7017780662,12.96686163394167,63.720100041124184,85.58062849287718,99.87341772151895,46.962025316455694
62.962025316455694,746303.2913269129,77.10327754276005,30.936708860759495,1.55256972151899e+18,2044399.493670887,1.3641761620253135e+18,71.17721518987342,3.0000002686211045,1.8580155949367437e+17,671561.7017780662,12.96686163394167,48.720100041124184,78.58062849287718,92.87341772151895,51.962025316455694
