out_edges,fol_std,rel_mean,rel_max,last_release,fol_max,first_release,num_release,network_rank,career_length,fol_mean,pop_std,rel_std,pop_mean,pop_max,in_edges
23.033333333333335,4792000.59318597,98.91323188612404,150.43333333333334,1.5412723199999987e+18,14617417.200000003,1.4207126400000026e+18,92.16666666666667,59.0000003128411,1.1796768000000131e+17,4134420.9053199827,110.3383540318099,43.53146048305439,88.18980086906559,90.4666666666667,40.03333333333333
97.03333333333333,4791959.59318597,29.91323188612404,60.43333333333334,1.5412723199999987e+18,14617462.200000003,1.4207126400000026e+18,7.166666666666668,8.0000003128411,1.1796768000000136e+17,4134478.9053199827,34.3383540318099,104.53146048305439,93.18980086906559,99.4666666666667,102.03333333333333
