out_edges,fol_std,rel_mean,rel_max,last_release,fol_max,first_release,num_release,network_rank,career_length,fol_mean,pop_std,rel_std,pop_mean,pop_max,in_edges
59.5,1061372.0394826226,69.27777777777777,129.16666666666666,-9.220780036854776e+18,2211961.3333333335,-9.223372036854776e+18,24.0,38.00000002277402,-9.223372036854776e+18,944026.9444444445,99.2486902221361,76.67972027792722,65.94444444444446,80.66666666666667,17.5
65.5,1061319.0394826226,55.27777777777778,115.16666666666666,-9.220780036854776e+18,2211980.3333333335,-9.223372036854776e+18,88.0,68.00000002277402,-9.223372036854776e+18,944034.9444444445,106.2486902221361,49.67972027792722,85.94444444444446,87.66666666666667,86.5
