out_edges,fol_std,rel_mean,rel_max,last_release,fol_max,first_release,num_release,network_rank,career_length,fol_mean,pop_std,rel_std,pop_mean,pop_max,in_edges
29.36842105263158,571.6179350016229,17.035087719298247,44.31578947368421,-9.220780036854776e+18,4991.578947368422,-9.223372036854776e+18,100.0,70.00000140146639,-9.223372036854776e+18,4553.070175438598,19.561380901465927,33.26014784429379,45.701754385964904,46.05263157894736,56.368421052631575
5.368421052631579,508.61793500162287,12.035087719298245,85.3157894736842,-9.220780036854776e+18,4969.578947368422,-9.223372036854776e+18,85.0,65.00000140146639,-9.223372036854776e+18,4524.070175438598,25.561380901465927,37.26014784429379,85.7017543859649,56.05263157894736,10.368421052631579
