out_edges,rel_max,rel_mean,career_length,last_release,first_release,rel_std,num_release,in_edges
26.937499999999996,20.775000000000013,78.01370163690476,8.365517999998774e+16,1.305242640000003e+18,1.2189954599999995e+18,35.94617913924561,7.168750000000009,3.9374999999999973
62.9375,33.77500000000001,109.01370163690476,8.365517999998778e+16,1.305242640000003e+18,1.2189954599999995e+18,57.94617913924561,43.16875000000001,9.937499999999996
