out_edges,rel_max,rel_mean,career_length,last_release,first_release,rel_std,num_release,in_edges
86.16666666666667,628.9999999999999,372.1666666666667,9.906335999999999e+17,1.4471999999999997e+18,4.539743999999989e+17,318.61418852644135,49.0,46.166666666666664
46.166666666666664,601.9999999999999,344.1666666666667,9.906335999999999e+17,1.4471999999999997e+18,4.539743999999989e+17,339.61418852644135,80.0,29.166666666666664
