out_edges,rel_max,rel_mean,career_length,last_release,first_release,rel_std,num_release,in_edges
92.69090909090909,100.49090909090908,126.33727121363486,1.3076482909090895e+18,1.5244918690909071e+18,2.142515781818187e+17,49.65012276466282,96.34545454545454,55.69090909090909
31.690909090909088,138.4909090909091,129.33727121363486,1.3076482909090895e+18,1.5244918690909071e+18,2.142515781818187e+17,42.65012276466282,107.34545454545454,55.69090909090909
