out_edges,rel_max,rel_mean,career_length,last_release,first_release,rel_std,num_release,in_edges
34.17277486910994,57.75392670157069,33.312827225130874,4.48226010471058e+16,1.5291171518324628e+18,1.4817025507853407e+18,27.400165687747357,62.9738219895288,12.172774869109945
14.172774869109945,109.75392670157069,76.31282722513087,4.482260104710578e+16,1.5291171518324628e+18,1.4817025507853407e+18,16.400165687747357,32.9738219895288,34.17277486910994
