out_edges,rel_max,rel_mean,career_length,last_release,first_release,rel_std,num_release,in_edges
84.54545454545455,774.9999999999999,150.7915414631995,1.0051461818181904e+17,1.5010507636363625e+18,1.3979441454545457e+18,161.09511440408772,79.0909090909091,124.54545454545455
74.54545454545455,835.9999999999999,68.79154146319951,1.0051461818181904e+17,1.5010507636363625e+18,1.3979441454545457e+18,168.09511440408772,19.09090909090909,98.54545454545455
