out_edges,rel_max,rel_mean,career_length,last_release,first_release,rel_std,num_release,in_edges
46.916666666666664,37.25,83.98611111111111,1.5398495999999987e+18,1.5937416e+18,5.129999999999886e+16,103.06241540534711,229.24999999999997,32.916666666666664
37.916666666666664,78.25,44.986111111111114,1.5398495999999987e+18,1.5937416e+18,5.129999999999893e+16,68.06241540534711,217.24999999999997,85.91666666666667
