out_edges,rel_max,rel_mean,career_length,last_release,first_release,rel_std,num_release,in_edges
123.23076923076923,775.0,107.22178253490668,1.6273107692307782e+17,8.89860184615385e+17,7.24537107692308e+17,227.09787973940607,85.84615384615384,128.23076923076923
50.230769230769226,815.0,160.22178253490668,1.627310769230778e+17,8.898601846153851e+17,7.245371076923078e+17,221.09787973940607,91.84615384615384,83.23076923076923
