out_edges,rel_max,rel_mean,career_length,last_release,first_release,rel_std,num_release,in_edges
115.52380952380952,889.0,112.33337801135788,1.1956114285714531e+17,1.4992374857142874e+18,1.3770843428571418e+18,225.2785981024618,80.9047619047619,50.523809523809526
67.52380952380952,944.0,191.33337801135787,1.1956114285714531e+17,1.4992374857142874e+18,1.3770843428571418e+18,211.2785981024618,8.904761904761905,45.523809523809526
