out_edges,rel_max,rel_mean,career_length,last_release,first_release,rel_std,num_release,in_edges
96.50632911392405,84.9873417721519,74.1859940340953,7.504222784810346e+16,1.5240402227848148e+18,1.4464059949367066e+18,102.07614212286839,45.18987341772153,13.50632911392405
83.50632911392405,113.9873417721519,69.1859940340953,7.50422278481034e+16,1.5240402227848148e+18,1.4464059949367066e+18,35.07614212286839,47.18987341772153,43.50632911392405
