out_edges,rel_max,rel_mean,career_length,last_release,first_release,rel_std,num_release,in_edges
67.58620689655173,913.5517241379306,205.30858688320487,5.407448275862256e+16,1.4203415172413765e+18,1.3636750344827607e+18,282.86195086986845,69.41379310344827,95.58620689655173
78.58620689655173,911.5517241379306,193.30858688320487,5.407448275862261e+16,1.4203415172413765e+18,1.3636750344827607e+18,259.86195086986845,89.41379310344827,67.58620689655173
