out_edges,rel_max,rel_mean,career_length,last_release,first_release,rel_std,num_release,in_edges
85.0909090909091,946.181818181818,353.79253246753245,1.0036538181818234e+17,1.3469288727272735e+18,1.2439714909090893e+18,457.2931229036641,7.727272727272727,34.09090909090909
74.0909090909091,895.181818181818,303.79253246753245,1.0036538181818235e+17,1.3469288727272735e+18,1.2439714909090893e+18,395.2931229036641,12.727272727272727,28.09090909090909
