out_edges,rel_max,rel_mean,career_length,last_release,first_release,rel_std,num_release,in_edges
51.14782608695652,92.59130434782608,99.88152173913043,5.245005913042546e+16,7.493118886956548e+17,6.942698295652172e+17,38.49689970332106,96.09565217391305,67.14782608695653
93.14782608695653,67.59130434782608,80.88152173913043,5.245005913042547e+16,7.493118886956548e+17,6.942698295652172e+17,85.49689970332106,97.09565217391305,68.14782608695653
