out_edges,rel_max,rel_mean,career_length,last_release,first_release,rel_std,num_release,in_edges
9.857142857142858,921.5714285714284,439.7857142857143,1.156155428571424e+17,1.3264251428571428e+18,1.2082176000000005e+18,487.2363463346568,47.857142857142854,22.857142857142858
87.85714285714286,932.5714285714284,423.7857142857143,1.156155428571424e+17,1.3264251428571428e+18,1.2082176000000005e+18,461.2363463346568,15.857142857142858,67.85714285714286
