out_edges,rel_max,rel_mean,career_length,last_release,first_release,rel_std,num_release,in_edges
41.13333333333333,182.83333333333331,111.49137413512413,9.759456000000242e+16,1.5260472000000018e+18,1.4258606400000036e+18,56.289759141871315,24.81666666666667,32.13333333333333
76.13333333333334,199.83333333333331,86.49137413512413,9.759456000000243e+16,1.5260472000000018e+18,1.4258606400000036e+18,140.28975914187131,84.81666666666668,29.133333333333333
