out_edges,rel_max,rel_mean,career_length,last_release,first_release,rel_std,num_release,in_edges
115.26086956521739,926.1739130434781,261.1011047628954,4.060424347826112e+17,1.0985947826086956e+18,6.899603478260851e+17,282.57130782228785,78.69565217391305,93.26086956521739
49.26086956521739,857.1739130434781,248.10110476289537,4.0604243478261114e+17,1.0985947826086956e+18,6.89960347826085e+17,377.57130782228785,43.69565217391305,90.26086956521739
