out_edges,rel_max,rel_mean,career_length,last_release,first_release,rel_std,num_release,in_edges
85.0909090909091,946.181818181818,353.79253246753245,1.0036538181818234e+17,1.3469288727272735e+18,1.2439714909090893e+18,457.2931229036641,7.727272727272727,34.09090909090909
66.0909090909091,852.181818181818,328.79253246753245,1.003653818181823e+17,1.3469288727272735e+18,1.2439714909090893e+18,384.2931229036641,94.72727272727272,44.09090909090909
