out_edges,rel_max,rel_mean,career_length,last_release,first_release,rel_std,num_release,in_edges
110.15789473684211,762.0000000000002,152.72755888371807,6.915956210526324e+17,1.4798955789473695e+18,7.857079578947375e+17,221.6548756055188,87.3157894736842,51.1578947368421
67.15789473684211,809.0000000000002,75.72755888371806,6.915956210526326e+17,1.4798955789473695e+18,7.857079578947375e+17,240.6548756055188,42.31578947368421,102.15789473684211
