out_edges,rel_max,rel_mean,career_length,last_release,first_release,rel_std,num_release,in_edges
7.107784431137724,58.634730538922156,90.7082264043342,3.26414543712574e+17,1.2583968574850312e+18,9.293903137724538e+17,98.76115336842494,90.35329341317366,5.107784431137724
64.10778443113773,54.634730538922156,33.70822640433419,3.26414543712574e+17,1.2583968574850312e+18,9.293903137724536e+17,31.76115336842494,73.35329341317366,89.10778443113773
