out_edges,rel_max,rel_mean,career_length,last_release,first_release,rel_std,num_release,in_edges
42.285714285714285,108.07142857142858,37.97263708513709,1.2098633142857162e+18,1.5532086857142833e+18,3.407533714285724e+17,102.10435190478924,123.7857142857143,65.28571428571429
48.285714285714285,134.07142857142858,62.97263708513709,1.2098633142857162e+18,1.5532086857142833e+18,3.407533714285725e+17,76.10435190478924,75.7857142857143,42.285714285714285
