out_edges,rel_max,rel_mean,career_length,last_release,first_release,rel_std,num_release,in_edges
30.53548387096773,102.73548387096781,119.56484820840133,5.3770343225785704e+16,1.5556821677419282e+18,1.4993198245161293e+18,113.44981201731194,80.94193548387098,13.470967741935473
10.535483870967731,168.7354838709678,61.56484820840133,5.377034322578576e+16,1.5556821677419282e+18,1.4993198245161293e+18,91.44981201731194,65.94193548387098,92.47096774193547
