out_edges,rel_max,rel_mean,career_length,last_release,first_release,rel_std,num_release,in_edges
33.25573770491803,81.12131147540983,9.58054550185698,2.7539532590164317e+17,1.5334915042622953e+18,1.2555041783606566e+18,52.41696419281476,34.90491803278688,100.25573770491803
89.25573770491803,94.12131147540983,50.58054550185698,2.753953259016431e+17,1.5334915042622953e+18,1.2555041783606566e+18,26.416964192814756,106.90491803278688,69.25573770491803
