out_edges,rel_max,rel_mean,career_length,last_release,first_release,rel_std,num_release,in_edges
73.12820512820512,130.0769230769231,105.15167887667887,1.1229518769230812e+18,1.4450156307692314e+18,3.1947175384615526e+17,60.58392565091309,112.17948717948718,89.12820512820512
67.12820512820512,199.0769230769231,143.1516788766789,1.1229518769230811e+18,1.4450156307692314e+18,3.1947175384615526e+17,138.5839256509131,110.17948717948718,51.12820512820513
