out_edges,rel_max,rel_mean,career_length,last_release,first_release,rel_std,num_release,in_edges
66.60714285714286,209.57142857142856,129.65238095238095,6.868152000000017e+17,1.483435542857142e+18,7.940283428571446e+17,146.03002310507063,26.392857142857146,52.607142857142854
19.607142857142858,286.57142857142856,141.65238095238095,6.868152000000015e+17,1.483435542857142e+18,7.940283428571446e+17,150.03002310507063,87.39285714285714,94.60714285714286
