out_edges,rel_max,rel_mean,career_length,last_release,first_release,rel_std,num_release,in_edges
120.94117647058823,905.5882352941172,220.46372136086927,7.372918588235251e+17,1.4352412235294083e+18,6.953573647058804e+17,282.8574219914702,45.970588235294116,78.94117647058823
75.94117647058823,936.5882352941172,249.46372136086927,7.372918588235251e+17,1.4352412235294083e+18,6.953573647058804e+17,244.85742199147018,27.970588235294116,43.94117647058823
