out_edges,rel_max,rel_mean,career_length,last_release,first_release,rel_std,num_release,in_edges
65.14814814814815,154.37037037037038,144.38888888888889,3.683663999999975e+17,1.5196144000000008e+18,1.1486560000000022e+18,36.85984287411008,58.0,60.14814814814815
66.14814814814815,98.37037037037038,149.38888888888889,3.683663999999975e+17,1.5196144000000008e+18,1.1486560000000022e+18,20.859842874110075,33.0,27.14814814814815
