out_edges,rel_max,rel_mean,career_length,last_release,first_release,rel_std,num_release,in_edges
103.93333333333334,833.0000000000001,140.02652850430962,7.150175999999994e+17,1.3658111999999995e+18,6.482016e+17,207.07409758361538,63.26666666666667,73.93333333333334
93.93333333333334,816.0000000000001,138.02652850430962,7.150175999999995e+17,1.3658111999999995e+18,6.482016e+17,166.07409758361538,29.266666666666673,72.93333333333334
