out_edges,rel_max,rel_mean,career_length,last_release,first_release,rel_std,num_release,in_edges
59.66666666666667,633.2222222222222,144.43978399527032,1.0603104000000004e+18,1.495737599999999e+18,4.328351999999996e+17,170.6849030522677,134.44444444444446,82.66666666666667
52.66666666666667,565.2222222222222,139.43978399527032,1.0603104000000005e+18,1.495737599999999e+18,4.328351999999996e+17,165.6849030522677,130.44444444444446,96.66666666666667
