out_edges,rel_max,rel_mean,career_length,last_release,first_release,rel_std,num_release,in_edges
36.266666666666666,421.79999999999995,193.7222035480859,2.0892672000000192e+17,1.458535679999999e+18,1.2470169599999995e+18,173.70579731618358,92.06666666666666,17.266666666666666
100.26666666666667,382.79999999999995,118.7222035480859,2.0892672000000195e+17,1.458535679999999e+18,1.2470169599999995e+18,187.70579731618358,76.06666666666666,60.266666666666666
