out_edges,rel_max,rel_mean,career_length,last_release,first_release,rel_std,num_release,in_edges
36.266666666666666,421.79999999999995,193.7222035480859,2.0892672000000192e+17,1.458535679999999e+18,1.2470169599999995e+18,173.70579731618358,92.06666666666666,17.266666666666666
67.26666666666667,362.79999999999995,161.7222035480859,2.08926720000002e+17,1.458535679999999e+18,1.2470169599999995e+18,186.70579731618358,93.06666666666666,6.266666666666667
