out_edges,rel_max,rel_mean,career_length,last_release,first_release,rel_std,num_release,in_edges
43.57142857142857,444.7857142857143,245.95416666666668,1.4667634285714403e+17,1.3844982857142856e+18,1.2352299428571433e+18,214.87943245612797,51.785714285714285,19.571428571428573
8.571428571428573,432.7857142857143,207.95416666666668,1.4667634285714397e+17,1.3844982857142856e+18,1.2352299428571433e+18,198.87943245612797,72.78571428571429,101.57142857142857
