out_edges,rel_max,rel_mean,career_length,last_release,first_release,rel_std,num_release,in_edges
42.90909090909091,484.72727272727263,181.3990875464405,1.9508727272727405e+17,9.208119272727276e+17,7.231326545454557e+17,117.68174889133964,58.09090909090909,90.9090909090909
90.9090909090909,498.72727272727263,148.3990875464405,1.9508727272727408e+17,9.208119272727274e+17,7.231326545454557e+17,161.68174889133962,20.09090909090909,115.9090909090909
