out_edges,rel_max,rel_mean,career_length,last_release,first_release,rel_std,num_release,in_edges
16.789473684210527,890.3157894736843,296.54818853317306,1.4626155789473914e+17,1.3752833684210499e+18,1.2264298105263165e+18,383.12808001632203,68.84210526315789,32.78947368421053
59.78947368421053,899.3157894736843,265.54818853317306,1.4626155789473917e+17,1.3752833684210499e+18,1.2264298105263165e+18,321.12808001632203,89.84210526315789,82.78947368421052
