out_edges,rel_max,rel_mean,career_length,last_release,first_release,rel_std,num_release,in_edges
22.428571428571423,108.23809523809524,113.93063266833109,1.3358399999999731e+17,1.504756571428575e+18,1.3685805714285732e+18,105.58573826607223,54.87301587301587,6.428571428571422
45.42857142857142,52.238095238095234,95.93063266833109,1.3358399999999731e+17,1.504756571428575e+18,1.3685805714285732e+18,75.58573826607223,98.87301587301587,94.42857142857142
