out_edges,rel_max,rel_mean,career_length,last_release,first_release,rel_std,num_release,in_edges
9.241379310344827,51.103448275862064,80.44827586206897,7.382731034482859e+16,7.331546482758634e+17,6.567353379310335e+17,48.17836612172168,102.06896551724138,59.241379310344826
29.241379310344826,125.10344827586206,58.44827586206897,7.382731034482866e+16,7.331546482758633e+17,6.567353379310335e+17,83.17836612172168,95.06896551724138,12.241379310344827
