out_edges,rel_max,rel_mean,career_length,last_release,first_release,rel_std,num_release,in_edges
64.26666666666667,442.73333333333335,103.30659352629941,1.2266496000000288e+17,1.3024915199999985e+18,1.17723456e+18,241.87854936546918,68.53333333333333,29.26666666666667
91.26666666666667,492.73333333333335,89.30659352629941,1.2266496000000282e+17,1.3024915199999985e+18,1.17723456e+18,201.87854936546918,71.53333333333333,48.266666666666666
