out_edges,rel_max,rel_mean,career_length,last_release,first_release,rel_std,num_release,in_edges
66.60714285714286,209.57142857142856,129.65238095238095,6.868152000000017e+17,1.483435542857142e+18,7.940283428571446e+17,146.03002310507063,26.392857142857146,52.607142857142854
84.60714285714286,239.57142857142856,147.65238095238095,6.868152000000017e+17,1.483435542857142e+18,7.940283428571446e+17,163.03002310507063,53.392857142857146,29.607142857142858
