out_edges,rel_max,rel_mean,career_length,last_release,first_release,rel_std,num_release,in_edges
110.15789473684211,762.0000000000002,152.72755888371807,6.915956210526324e+17,1.4798955789473695e+18,7.857079578947375e+17,221.6548756055188,87.3157894736842,51.1578947368421
66.15789473684211,807.0000000000002,137.72755888371807,6.915956210526324e+17,1.4798955789473695e+18,7.857079578947374e+17,197.6548756055188,95.3157894736842,72.15789473684211
