out_edges,rel_max,rel_mean,career_length,last_release,first_release,rel_std,num_release,in_edges
71.42857142857143,568.7142857142856,292.67857142857144,4.528594285714297e+17,1.3677737142857144e+18,9.123222857142856e+17,250.27697062731147,74.85714285714286,53.42857142857143
64.42857142857143,522.7142857142856,264.67857142857144,4.528594285714296e+17,1.3677737142857144e+18,9.123222857142856e+17,272.27697062731147,45.85714285714286,78.42857142857143
