out_edges,rel_max,rel_mean,career_length,last_release,first_release,rel_std,num_release,in_edges
65.14814814814815,154.37037037037038,144.38888888888889,3.683663999999975e+17,1.5196144000000008e+18,1.1486560000000022e+18,36.85984287411008,58.0,60.14814814814815
85.14814814814815,77.37037037037038,93.38888888888889,3.6836639999999744e+17,1.5196144000000008e+18,1.148656000000002e+18,91.85984287411007,59.0,29.14814814814815
