out_edges,rel_max,rel_mean,career_length,last_release,first_release,rel_std,num_release,in_edges
16.86486486486485,46.87387387387389,72.03320621670164,3.0753729729701172e+16,1.5595316756756733e+18,1.52618594594594e+18,29.81312943143344,41.777777777777786,59.86486486486485
58.86486486486485,121.87387387387389,59.033206216701636,3.0753729729701216e+16,1.5595316756756733e+18,1.52618594594594e+18,96.81312943143344,13.777777777777784,100.86486486486484
