out_edges,rel_max,rel_mean,career_length,last_release,first_release,rel_std,num_release,in_edges
95.05,370.45,365.37500000000006,1.885032000000018e+17,1.3516372799999962e+18,1.1605420799999997e+18,100.075,35.25000000000001,88.05
31.05,330.45,351.37500000000006,1.8850320000000176e+17,1.3516372799999962e+18,1.1605420799999997e+18,86.075,71.25,39.05
