out_edges,rel_max,rel_mean,career_length,last_release,first_release,rel_std,num_release,in_edges
31.137931034482758,233.00000000000003,139.27566065394822,1.5056838620689757e+17,8.946213517241385e+17,7.414609655172413e+17,167.419770382713,26.275862068965516,113.13793103448276
84.13793103448276,286.0,146.27566065394822,1.505683862068975e+17,8.946213517241385e+17,7.414609655172413e+17,90.419770382713,33.275862068965516,115.13793103448276
