out_edges,rel_max,rel_mean,career_length,last_release,first_release,rel_std,num_release,in_edges
108.61538461538461,939.6923076923077,291.89222920334964,8.701809230769374e+16,1.405355815384617e+18,1.315745723076924e+18,311.88782869996385,50.0,52.61538461538461
15.615384615384617,896.6923076923077,266.89222920334964,8.701809230769373e+16,1.405355815384617e+18,1.315745723076924e+18,267.88782869996385,67.0,83.61538461538461
